<parameters>
<!--  WordPress parameters.xml file
	This file has been updated to incorporate a number of
	improvements since the original was released with the WebPI and
	WebDeploy Release Candidates.  These improvements will be
	available with the RTW versions of the WebPI and WebDeploy.

	There will be commentary at each section to describe the changes
	and why they were made.  All of the additional functionality
	described here, and available with the RTW, is documented as
	part of the updated Web Application Packaging Guide.
-->

<!--  One of the new features provides for localization of text
	strings within the parameters.xml file.  This localization can
	be applied to "description" and "friendlyName" attributes of a
	parameter.

	There are ten (10) well known parameters which are identified by
	their tags.  For these ten (10) parameters, the Web Deployment
	Tool will automatically generate the correct description and
	friendly name for each of ten (10) locales.  These locales and
	the details of the translation mechanism are documented in the
	updated Packaging Guide.

	NOTE: If a well known parameter has a description or a
	friendlyName set, the Web Deployment Tool will not apply any
	default text.

	NOTE: There are a few parameters for WordPress which are not
	in the list of well known parameters.  These parameters have
	English descriptions and friendlyNames only.  Please refer to
	the updated Packaging Guide for information on providing
	additional translations for these parameters.
-->


<!--  The Application Path parameter is one of the ten well known
	parameters which have descriptions and friendly names
	automatically available.
-->

<parameter
	name="AppPath"
	defaultValue="Default Web Site/wordpress"
	tags="iisapp"
	>
	<parameterEntry
	type="ProviderPath"
	scope="iisapp"
	match="wordpress"
	/>
</parameter>


<!-- Database Parameters
	The tags provided here tells the UI being used what type of
	parameter this is.  The UI can then construct an appropriate
	dialog for the database parameters, or fill them in if the user
	doesn't need to provide them
-->

<!-- This parameter prompts the user for the database server name.
	Note that this parameter has only one parameterEntry element.
	This parameter is used with the configuration file and the
	connection string.  It is not used within the SQL script itself
	like some of the other parameters are.
-->


<parameter
	name="DbServer"
	defaultValue="localhost"
	tags="SQL,dbServer"
	/>
<parameter
	name="Automatic Database Server PHP File"
	defaultValue="define('DB_HOST', '{DbServer}');"
	tags="Hidden, SQL"
	>
	<parameterEntry 
	type="TextFile"
	scope="wp-config.php$"
	match="define\('DB_HOST', '[^']*'\);"
	/>
</parameter>

<!-- This parameter prompts the user for the database name.
-->
<parameter
	name="DbName"
	defaultValue="wordpress"
	tags="SQL,dbName"
	>
	<parameterEntry
	type="TextFile"
	scope="createlogin.sql"
	match="PlaceholderForDbName"
	/>
        <parameterEntry
	type="TextFile"
	scope="createuser.sql"
	match="PlaceholderForDbName"
	/>
</parameter>
<parameter 
	name="Automatic Database Name PHP File"
	defaultValue="define('DB_NAME', '{DbName}');"
	tags="Hidden, SQL"
	>
	<parameterEntry
	type="TextFile"
	scope="wp-config.php$"
	match="define\('DB_NAME', '[^']*'\);"
	/>
</parameter>

<!-- This parameter prompts the user for the database username. We
	have set a validation RegEx on this parameter, as SQL will not
	accept a username that has more than 16 characters.
-->
<parameter
	name="DbUsername"
	defaultValue="wordpressuser"
	description="Enter Password for the Database Username. Please ensure that Passwords contain at least (1) upper
case letter, at least (1) lower case letter, at least (1) number or special character, and be least (8) characters in length"
	tags="New,Password,SQL,DbUsername"
	>
	<parameterValidation
	type="RegularExpression"
	validationString="(?=^.{8,}$)((?=.*\d)|(?=.*\W+))(?![.\n])(?=.*[A-Z])(?=.*[a-z]).*$"
	/>
	<parameterEntry
	type="TextFile"
	scope="createlogin.sql"
	match="PlaceholderForDbUsername"
	/>
        <parameterEntry
	type="TextFile"
	scope="createuser.sql"
	match="PlaceholderForDbUsername"
	/>
</parameter>
<parameter
	name="Automatic Database Username PHP File"
	defaultValue="define('DB_USER', '{DbUsername}');"
	tags="Hidden,SQL"
	>
	<parameterEntry
	type="TextFile"
	scope="wp-config.php$"
	match="define\('DB_USER', '[^']*'\);"
	/>
</parameter>

<!-- This parameter prompts the user for the database user's password.
-->
<parameter
	name="DbPassword"
	tags="New,Password,SQL,DbUserPassword"
	>
	<parameterEntry
	type="TextFile"
	scope="createlogin.sql"
	match="PlaceholderForDbPassword"
	/>
</parameter>
<parameter
	name="Automatic Database Password PHP File"
	defaultValue="define('DB_PASSWORD', '{DbPassword}');"
	tags="Hidden, SQL"
	>
	<parameterEntry
	type="TextFile"
	scope="wp-config.php$"
	match="define\('DB_PASSWORD', '[^']*'\);"
	/>
</parameter>


<!-- Prompts for the admin creds and uses it for the administrator
	connection string. This is used to create a login and assign
	permissions. The SQL tag indicates it is a parameter required
	for SQL.  The DbAdminUsername tag indicates it should be used
	when the user is creating a new database. If they're not, it
	can be filled in with the DbUsername value.  The UI should be
	able to figure out whether or not the user needs to be prompted
	for this.
-->

<parameter
	name="DbAdminUsername"
	defaultValue="root"
	tags="SQL,DbAdminUsername"
	>
</parameter>

<!-- Prompts for the admin password and uses it for the administrator
	 connection string.
-->
<parameter
	name="DbAdminPassword"
	description="Password for the database administrator account."
	tags="Password,SQL,DbAdminPassword"
	>
</parameter>

<!-- This is the hidden admin connection string used to run the
	database scripts.  Note that this connection string is just
	used here, and will probably be different from the connection
	string that is used by the application itself.

	The "Validate" tag tells the WebPI to validate that this
	Connection String works prior to performing the rest of the
	installation.
-->

<parameter
	name="Connection String Master"
	defaultValue="Server={DbServer};Database=MASTER;uid={DbAdminUsername};Pwd={DbAdminPassword};"
	tags="Hidden,SQLConnectionString,NoStore"
	>
	<parameterEntry
	type="ProviderPath"
	scope="dbfullsql"
	match="createlogin.sql"
	/>
</parameter>

<parameter
	name="Connection String for Config"
	defaultValue="server={DbServer};database={DbName};uid={DbAdminUsername};Pwd={DbAdminPassword};"
	tags="Hidden,SQLConnectionString"
	>
	<parameterEntry
	type="ProviderPath"
	scope="dbfullsql"
	match="createuser.sql"
	/>
</parameter>


<parameter
	name="Query log"
	defaultValue="define('QUERY_LOG', '{AppPath}/wp-content/queries.log');"
	tags="Hidden"
	>
	<parameterEntry
	type="TextFile"
	scope="wp-config.php$"
	match="define\('QUERY_LOG', '[^']*'\);"
	/>
</parameter>

<!-- WordPress specific parameters -->

<!-- Set the correct path for the ACL based on the AppPath selected
	by the user.
-->
<parameter
	name="SetAclParameter1"
	defaultValue="{AppPath}/wp-content"
	tags="Hidden"
	>
	<parameterEntry
	type="ProviderPath"
	scope="setAcl"
	match="wordpress/wp-content$"
	/>
</parameter>

<parameter 
        tags="Hidden" 
        defaultValue="{AppPath}/wp-config.php" 
        name="SetAclParameter2"
        >
        <parameterEntry 
        match="wordpress/wp-config.php" 
        scope="setAcl" 
        type="ProviderPath"
        />
</parameter>

</parameters>
